노래 제목,가수명
"HOME SWEET HOME (feat. 태양, 대성)",G-DRAGON
Whiplash,aespa
APT.,"로제 (ROSÉ), Bruno Mars"
나는 반딧불,황가람
toxic till the end,로제 (ROSÉ)
너와의 모든 지금,재쓰비 (JAESSBEE)
HAPPY,DAY6 (데이식스)
POWER,G-DRAGON
내게 사랑이 뭐냐고 물어본다면,로이킴
Drowning,WOODZ
내 이름 맑음,QWER
Welcome to the Show,DAY6 (데이식스)
UP (KARINA Solo),aespa
소나기,이클립스 (ECLIPSE)
한 페이지가 될 수 있게,DAY6 (데이식스)
Supernova,aespa
천상연,이창섭
사랑은 늘 도망가,임영웅
슬픈 초대장,순순희(지환)
Mantra,제니 (JENNIE)
첫 눈,EXO
"어떻게 이별까지 사랑하겠어, 널 사랑하는 거지",AKMU (악뮤)
고민중독,QWER
우리들의 블루스,임영웅
온기,임영웅
예뻤어,DAY6 (데이식스)
Love wins all,아이유
Home,임영웅
DRIP,BABYMONSTER
WAY 4 LUV,PLAVE
Pump Up The Volume!,PLAVE
모래 알갱이,임영웅
다시 만날 수 있을까,임영웅
How Sweet,NewJeans
이제 나만 믿어요,임영웅
첫 만남은 계획대로 되지 않아,TWS (투어스)
Supersonic,프로미스나인
너의 모든 순간,성시경
number one girl,로제 (ROSÉ)
나는 아픈 건 딱 질색이니까,(여자)아이들
Do or Die,임영웅
무지개,임영웅
London Boy,임영웅
Polaroid,임영웅
눈이 오잖아(Feat.헤이즈),이무진
청춘만화,이무진
그대만 있다면 (여름날 우리 X 너드커넥션 (Nerd Connection)),너드커넥션 (Nerd Connection)
Small girl (feat. 도경수(D.O.)),이영지
Igloo,KISS OF LIFE
에피소드,이무진
우리 영화,PLAVE
살기 위해서,순순희
인생찬가,임영웅
녹아내려요,DAY6 (데이식스)
비의 랩소디,임재현
미안해 미워해 사랑해,Crush
Magnetic,아일릿(ILLIT)
연애편지,임영웅
Ditto,NewJeans
From,PLAVE
헤어지자 말해요,박재정
Armageddon,aespa
"무제(無題) (Untitled, 2014)",G-DRAGON
인사,범진
Watch Me Woo!,PLAVE
주저하는 연인들을 위해,잔나비
다정히 내 이름을 부르면,"경서예지, 전건호"
Supernatural,NewJeans
보금자리,임영웅
클락션 (Klaxon),(여자)아이들
청혼하지 않을 이유를 못 찾았어,이무진
"모든 날, 모든 순간 (Every day, Every Moment)",폴킴
I AM,IVE (아이브)
내가 널 지켜줄게,폴킴
Congratulations,DAY6 (데이식스)
Sticky,KISS OF LIFE
Hype Boy,NewJeans
Merry PLLIstmas,PLAVE
Love 119,RIIZE
버추얼 아이돌,PLAVE
Seven (feat. Latto) - Clean Ver.,정국
해야 (HEYA),IVE (아이브)
사랑인가 봐,멜로망스
사건의 지평선,윤하 (YOUNHA)
SPOT! (feat. JENNIE),지코 (ZICO)
To. X,태연 (TAEYEON)
취중고백,김민석
HERO (From the Film “소방관”),박효신
Bubble Gum,NewJeans
네모네모,YENA (최예나)
시작의 아이,마크툽 (MAKTUB)
Cherish (My Love),아일릿(ILLIT)
사막에서 꽃을 피우듯,우디 (Woody)
Drama,aespa
봄날,방탄소년단
Boom Boom Bass,RIIZE
가까운 듯 먼 그대여,카더가든
Dynamite,방탄소년단
눈사람,정승환
봄여름가을겨울 (Still Life),BIGBANG (빅뱅)
